w1,w2,w3,,,Cue,,,,,,,,,,,,,
城市,榜样,温泉,,,市,,cheng2,shi4,bang3,yang4,wen1,quan2,,,,,,,,shi4
新闻,玩具,普通话,,,闻,,xin1,wen2,wan2,ju4,pu3,tong1,hua4,,,,,,,wen2
银行,观点,传宗接代,,,行,,yin2,hang2,guan1,dian3,chuan2,zong1,jie1,dai4,,,,,,hang2
宇宙,党中央,走廊,,,宙,,yu3,zhou4,dang3,zhong1,yang1,zou3,lang2,,,,,,,zhou4
昆虫,责任感,婚姻法,,,虫,,kun1,chong2,ze2,ren4,gan3,hun1,yin1,fa3,,,,,,chong2
蔬菜,暴风雨,釜底抽薪,,,菜,,shu1,cai4,bao4,feng1,yu3,fu3,di3,chou1,xin1,,,,,cai4
修养,细枝末节,故乡,,,养,,xiu1,yang3,xi4,zhi1,mo4,jie2,gu4,xiang1,,,,,,yang3
仓库,巧夺天工,好奇心,,,库,,cang1,ku4,qiao3,duo2,tian1,gong1,hao4,qi2,xin1,,,,,ku4
村庄,竭泽而渔,掩耳盗铃,,,庄,,cun1,zhuang1,jie2,ze2,er2,yu2,yan3,er3,dao4,ling2,,,,zhuang1
羽毛,企业,雕塑,,,毛,,yu3,mao2,qi3,ye4,diao1,su4,,,,,,,,mao2
萌芽,城市,检察官,,,芽,,meng2,ya2,cheng2,shi4,jian3,cha2,guan1,,,,,,,ya2
香烟,觉悟,当机立断,,,烟,,xiang1,yan1,jue2,wu4,dang1,ji1,li4,duan4,,,,,,yan1
常识,内分泌,阶层,,,识,,chang2,shi2,nei4,fen1,mi4,jie1,ceng2,,,,,,,shi2
网络,荧光屏,研究生,,,络,,wang3,luo4,ying2,guang1,ping2,yan2,jiu1,sheng1,,,,,,luo4
宗旨,视网膜,细枝末节,,,旨,,zong1,zhi3,shi4,wang3,mo2,xi4,zhi1,mo4,jie2,,,,,zhi3
走廊,固步自封,沙滩,,,廊,,zou3,lang2,gu4,bu4,zi4,feng1,sha1,tan1,,,,,,lang2
偏见,身先士卒,金黄色,,,见,,pian1,jian4,shen1,xian1,shi4,zu2,jin1,huang2,se4,,,,,jian4
尊严,倾家荡产,因材施教,,,严,,zun1,yan2,qing1,jia1,dang4,chan3,yin1,cai2,shi1,jiao4,,,,yan2
数据,丘陵,形状,,,丘,,shu4,ju4,qiu1,ling2,xing2,zhuang4,,,,,,,,qiu1
汉字,瀑布,工艺品,,,瀑,,han4,zi4,pu4,bu4,gong1,yi4,pin3,,,,,,,pu4
散文,餐厅,任重道远,,,餐,,san3,wen2,can1,ting1,ren4,zhong4,dao4,yuan3,,,,,,can1
青少年,贝壳,途径,,,贝,,qing1,shao4,nian2,bei4,ke2,tu2,jing4,,,,,,,bei4
普通话,遗嘱,穿山甲,,,遗,,pu3,tong1,hua4,yi2,zhu3,chuan1,shan1,jia3,,,,,,yi2
相对论,皱纹,守株待兔,,,皱,,xiang1,dui4,lun4,zhou4,wen2,shou3,zhu1,dai4,tu4,,,,,zhou4
心血来潮,契约,萌芽,,,契,,xin1,xue4,lai2,chao2,qi4,yue1,meng2,ya2,,,,,,qi4
照本宣科,荣誉,直辖市,,,荣,,zhao4,ben3,xuan1,ke1,rong2,yu4,zhi2,xia2,shi4,,,,,rong2
妙语连珠,途径,轻车熟路,,,途,,miao4,yu3,lian2,zhu1,tu2,jing4,qing1,che1,shu2,lu4,,,,tu2
瀑布,婚礼,节目,,,婚,,pu4,bu4,hun1,li3,jie2,mu4,,,,,,,,hun1
郊区,阶层,淋巴结,,,阶,,jiao1,qu1,jie1,ceng2,lin2,ba1,jie2,,,,,,,jie1
温泉,沙滩,巧夺天工,,,沙,,wen1,quan2,sha1,tan1,qiao3,duo2,tian1,gong1,,,,,,sha1
志愿军,邮票,种族,,,邮,,zhi4,yuan4,1-6月,you2,piao4,zhong3,zu2,,,,,,,you2
销售额,性别,太阳能,,,性,,xiao1,shou4,e2,xing4,bie2,tai4,yang2,neng2,,,,,,xing4
紫外线,灰尘,妙语连珠,,,灰,,zi3,wai4,xian4,hui1,chen2,miao4,yu3,lian2,zhu1,,,,,hui1
蝇头小利,数据,村庄,,,数,,ying2,tou2,xiao3,li4,shu4,ju4,cun1,zhuang1,,,,,,shu4
千载难逢,雕塑,参谋长,,,雕,,qian1,zai3,nan2,feng2,diao1,su4,can1,mou2,zhang3,,,,,diao1
稍纵即逝,基础,品学兼优,,,基,,shao1,zong4,ji2,shi4,ji1,chu3,pin3,xue2,jian1,you1,,,,ji1
悲剧,香烟,范围,,,范,,bei1,ju4,xiang1,yan1,fan4,wei2,,,,,,,,fan4
轮廓,手榴弹,军队,,,军,,lun2,kuo4,shou3,liu2,dan4,1-6月,dui4,,,,,,,1-6月
故乡,任重道远,觉悟,,,觉,,gu4,xiang1,ren4,zhong4,dao4,yuan3,jue2,wu4,,,,,,jue2
国务院,珍珠,灵魂,,,灵,,guo2,wu4,yuan4,zhen1,zhu1,ling2,hun2,,,,,,,ling2
好奇心,乒乓球,祖先,,,祖,,hao4,qi2,xin1,ping1,pang1,qiu2,zu3,xian1,,,,,,zu3
内分泌,掩耳盗铃,玩具,,,玩,,nei4,fen1,mi4,yan3,er3,dao4,ling2,wan2,ju4,,,,,wan2
垂涎欲滴,名称,珍珠,,,珍,,chui2,xian2,yu4,di1,ming2,cheng1,zhen1,zhu1,,,,,,zhen1
随波逐流,方程式,权威,,,权,,sui2,bo1,zhu2,liu2,fang1,cheng2,shi4,quan2,wei1,,,,,quan2
海市蜃楼,亡羊补牢,财富,,,财,,hai3,shi4,shen4,lou2,wang2,yang2,bu3,lao2,cai2,fu4,,,,cai2
契约,流派,观点,,,观,,qi4,yue1,liu2,pai4,guan1,dian3,,,,,,,,guan1
范围,高利贷,技巧,,,技,,fan4,wei2,gao1,li4,dai4,ji4,qiao3,,,,,,,ji4
榜样,哗众取宠,流派,,,流,,bang3,yang4,hua2,zhong4,qu3,chong3,liu2,pai4,,,,,,liu2
海平面,生活,居民,,,居,,hai3,ping2,mian4,sheng1,huo2,ju1,min2,,,,,,,ju1
病原体,西红柿,诗歌,,,诗,,bing4,yuan2,ti3,xi1,hong2,shi4,shi1,ge1,,,,,,shi1
葡萄糖,举世瞩目,汉字,,,汉,,pu2,tao2,tang2,ju3,shi4,zhu3,mu4,han4,zi4,,,,,han4
模棱两可,词汇,企业,,,企,,mo2,leng2,liang3,ke3,ci2,hui4,qi3,ye4,,,,,,qi3
病入膏肓,氨基酸,轮廓,,,轮,,bing4,ru4,gao1,huang1,an1,ji1,suan1,lun2,kuo4,,,,,lun2
运筹帷幄,纸上谈兵,词汇,,,词,,yun4,chou2,wei2,wo4,zhi3,shang4,tan2,bing1,ci2,hui4,,,,ci2
词汇,新闻,郊区,,,区,,ci2,hui4,xin1,wen2,jiao1,qu1,,,,,,,,qu1
雕塑,代表团,生活,,,活,,diao1,su4,dai4,biao3,tuan2,sheng1,huo2,,,,,,,huo2
觉悟,日积月累,宣言,,,言,,jue2,wu4,ri4,ji1,yue4,lei3,xuan1,yan2,,,,,,yan2
宇航员,轮廓,肥料,,,料,,yu3,hang2,yuan2,lun2,kuo4,fei2,liao4,,,,,,,liao4
研究生,图书馆,边疆,,,疆,,yan2,jiu1,sheng1,tu2,shu1,guan3,bian1,jiang1,,,,,,jiang1
太阳能,如虎添翼,答案,,,案,,tai4,yang2,neng2,ru2,hu3,tian1,yi4,da2,an4,,,,,an4
化险为夷,居民,条款,,,款,,hua4,xian3,wei2,yi2,ju1,min2,tiao2,kuan3,,,,,,kuan3
人赃俱获,重要性,榜样,,,样,,ren2,zang1,ju4,huo4,zhong4,yao4,xing4,bang3,yang4,,,,,yang4
言简意赅,循规蹈矩,根源,,,源,,yan2,jian3,yi4,gai1,xun2,gui1,dao3,ju3,gen1,yuan2,,,,yuan2
环境,权威,名称,,,称,,huan2,jing4,quan2,wei1,ming2,cheng1,,,,,,,,cheng1
餐厅,写字台,草原,,,原,,can1,ting1,xie3,zi4,tai2,cao3,yuan2,,,,,,,yuan2
灰尘,蛛丝马迹,背影,,,影,,hui1,chen2,zhu1,si1,ma3,ji4,bei4,ying3,,,,,,ying3
进行曲,萌芽,环境,,,境,,jin4,xing2,qu3,meng2,ya2,huan2,jing4,,,,,,,jing4
消费者,科学家,伦理,,,理,,xiao1,fei4,zhe3,ke1,xue2,jia1,lun2,li3,,,,,,li3
交响乐,传宗接代,悲剧,,,剧,,jiao1,xiang3,yue4,chuan2,zong1,jie1,dai4,bei1,ju4,,,,,ju4
逍遥法外,商店,线索,,,索,,xiao1,yao2,fa3,wai4,shang1,dian4,xian4,suo3,,,,,,suo3
各抒己见,单细胞,童话,,,话,,ge4,shu1,ji3,jian4,dan1,xi4,bao1,tong2,hua4,,,,,hua4
大快朵颐,劳逸结合,价格,,,格,,da4,kuai4,duo3,yi2,lao2,yi4,jie2,he2,jia4,ge2,,,,ge2
幼儿园,范围,邮票,,,儿,,you4,er2,yuan2,fan4,wei2,you2,piao4,,,,,,,er2
重要性,汉字,呼吸道,,,要,,zhong4,yao4,xing4,han4,zi4,hu1,xi1,dao4,,,,,,yao4
直辖市,温泉,刻不容缓,,,辖,,zhi2,xia2,shi4,wen1,quan2,ke4,bu4,rong2,huan3,,,,,xia2
工艺品,价值观,丘陵,,,艺,,gong1,yi4,pin3,jia4,zhi2,guan1,qiu1,ling2,,,,,,yi4
多边形,穿山甲,图书馆,,,边,,duo1,bian1,xing2,chuan1,shan1,jia3,tu2,shu1,guan3,,,,,bian1
穿山甲,招待所,延年益寿,,,山,,chuan1,shan1,jia3,zhao1,dai4,suo3,yan2,nian2,yi4,shou4,,,,shan1
冷空气,吞云吐雾,偏见,,,空,,leng3,kong1,qi4,tun1,yun2,tu3,wu4,pian1,jian4,,,,,kong1
魔术师,聚精会神,男子汉,,,术,,mo2,shu4,shi1,ju4,jing1,hui4,shen2,nan2,zi3,han4,,,,shu4
婚姻法,滥竽充数,哗众取宠,,,姻,,hun1,yin1,fa3,lan4,yu2,chong1,shu4,hua2,zhong4,qu3,chong3,,,yin1
视网膜,条款,契约,,,网,,shi4,wang3,mo2,tiao2,kuan3,qi4,yue1,,,,,,,wang3
检察官,修养,责任感,,,察,,jian3,cha2,guan1,xiu1,yang3,ze2,ren4,gan3,,,,,,cha2
神经元,军队,手忙脚乱,,,经,,shen2,jing1,yuan2,1-6月,dui4,shou3,mang2,jiao3,luan4,,,,,jing1
西红柿,出版社,界限,,,红,,xi1,hong2,shi4,chu1,ban3,she4,jie4,xian4,,,,,,hong2
催化剂,神经元,变压器,,,化,,cui1,hua4,ji4,shen2,jing1,yuan2,bian4,ya1,qi4,,,,,hua4
淋巴结,反动派,随波逐流,,,巴,,lin2,ba1,jie2,fan3,dong4,pai4,sui2,bo1,zhu2,liu2,,,,ba1
会议室,望尘莫及,宗旨,,,议,,hui4,yi4,shi4,wang4,chen2,mo4,ji2,zong1,zhi3,,,,,yi4
荧光屏,西装革履,党中央,,,光,,ying2,guang1,ping2,xi1,zhuang1,ge2,lv3,dang3,zhong1,yang1,,,,guang1
手榴弹,并驾齐驱,跋山涉水,,,榴,,shou3,liu2,dan4,bing4,jia4,qi2,qu1,ba2,shan1,she4,shui3,,,liu2
锦标赛,郊区,灰尘,,,标,,jin3,biao1,sai4,jiao1,qu1,hui1,chen2,,,,,,,biao1
蒸馏水,草原,单细胞,,,馏,,zheng1,liu2,shui3,cao3,yuan2,dan1,xi4,bao1,,,,,,liu2
超声波,课程,举世瞩目,,,声,,chao1,sheng1,bo1,ke4,cheng2,ju3,shi4,zhu3,mu4,,,,,sheng1
出版社,呼吸道,婚礼,,,版,,chu1,ban3,she4,hu1,xi1,dao4,hun1,li3,,,,,,ban3
灵敏度,多边形,科学家,,,敏,,ling2,min3,du4,duo1,bian1,xing2,ke1,xue2,jia1,,,,,min3
畜牧业,锦标赛,名列前茅,,,牧,,xu4,mu4,ye4,jin3,biao1,sai4,ming2,lie4,qian2,mao2,,,,mu4
变压器,各抒己见,性别,,,压,,bian4,ya1,qi4,ge4,shu1,ji3,jian4,xing4,bie2,,,,,ya1
高利贷,昭然若揭,催化剂,,,利,,gao1,li4,dai4,zhao1,ran2,ruo4,jie1,cui1,hua4,ji4,,,,li4
金黄色,蛛丝马迹,聚精会神,,,黄,,jin1,huang2,se4,zhu1,si1,ma3,ji4,ju4,jing1,hui4,shen2,,,huang2
单细胞,宣言,羽毛,,,胞,,dan1,xi4,bao1,xuan1,yan2,yu3,mao2,,,,,,,bao1
写字台,形状,出版社,,,台,,xie3,zi4,tai2,xing2,zhuang4,chu1,ban3,she4,,,,,,tai2
望远镜,悲剧,淋漓尽致,,,镜,,wang4,yuan3,jing4,bei1,ju4,lin2,li2,jin4,zhi4,,,,,jing4
价值观,超声波,城市,,,观,,jia4,zhi2,guan1,chao1,sheng1,bo1,cheng2,shi4,,,,,,guan1
超声波,相对论,同位素,,,波,,chao1,sheng1,bo1,xiang1,dui4,lun4,tong2,wei4,su4,,,,,bo1
锦标赛,科学家,人赃俱获,,,赛,,jin3,biao1,sai4,ke1,xue2,jia1,ren2,zang1,ju4,huo4,,,,sai4
穿山甲,细枝末节,香烟,,,甲,,chuan1,shan1,jia3,xi4,zhi1,mo4,jie2,xiang1,yan1,,,,,jia3
党中央,开诚布公,青少年,,,央,,dang3,zhong1,yang1,kai1,cheng2,bu4,gong1,qing1,shao4,nian2,,,,yang1
多边形,昭然若揭,横冲直撞,,,形,,duo1,bian1,xing2,zhao1,ran2,ruo4,jie1,heng2,chong1,zhi2,zhuang4,,,xing2
西红柿,规则,贝壳,,,柿,,xi1,hong2,shi4,gui1,ze2,bei4,ke2,,,,,,,shi4
氨基酸,环境,相对论,,,酸,,an1,ji1,suan1,huan2,jing4,xiang1,dui4,lun4,,,,,,suan1
重要性,边疆,循规蹈矩,,,性,,zhong4,yao4,xing4,bian1,jiang1,xun2,gui1,dao3,ju3,,,,,xing4
招待所,氨基酸,修养,,,所,,zhao1,dai4,suo3,an1,ji1,suan1,xiu1,yang3,,,,,,suo3
科学家,障碍物,魔术师,,,家,,ke1,xue2,jia1,zhang4,ai4,wu4,mo2,shu4,shi1,,,,,jia1
乒乓球,直辖市,化险为夷,,,球,,ping1,pang1,qiu2,zhi2,xia2,shi4,hua4,xian3,wei2,yi2,,,,qiu2
奴隶制,责无旁贷,新闻,,,制,,nu2,li4,zhi4,ze2,wu2,pang2,dai4,xin1,wen2,,,,,zhi4
蒸馏水,日积月累,铁矿石,,,水,,zheng1,liu2,shui3,ri4,ji1,yue4,lei3,tie3,kuang4,shi2,,,,shui3
同位素,按部就班,望尘莫及,,,素,,tong2,wei4,su4,an4,bu4,jiu4,ban1,wang4,chen2,mo4,ji2,,,su4
反动派,走廊,宇宙,,,派,,fan3,dong4,pai4,zou3,lang2,yu3,zhou4,,,,,,,pai4
催化剂,羽毛,奴隶制,,,剂,,cui1,hua4,ji4,yu3,mao2,nu2,li4,zhi4,,,,,,ji4
代表团,祖先,引经据典,,,团,,dai4,biao3,tuan2,zu3,xian1,yin3,jing1,ju4,dian3,,,,,tuan2
自然界,代表团,仓库,,,界,,zi4,ran2,jie4,dai4,biao3,tuan2,cang1,ku4,,,,,,jie4
暴风雨,重要性,代表团,,,雨,,bao4,feng1,yu3,zhong4,yao4,xing4,dai4,biao3,tuan2,,,,,yu3
呼吸道,交响乐,对症下药,,,道,,hu1,xi1,dao4,jiao1,xiang3,yue4,dui4,zheng4,xia4,yao4,,,,dao4
会议室,病入膏肓,蔬菜,,,室,,hui4,yi4,shi4,bing4,ru4,gao1,huang1,shu1,cai4,,,,,shi4
方程式,花团锦簇,国务院,,,式,,fang1,cheng2,shi4,hua1,tuan2,jin3,cu4,guo2,wu4,yuan4,,,,shi4
责任感,力挽狂澜,废寝忘食,,,感,,ze2,ren4,gan3,li4,wan3,kuang2,lan2,fei4,qin3,wang4,shi2,,,gan3
荧光屏,常识,规则,,,屏,,ying2,guang1,ping2,chang2,shi2,gui1,ze2,,,,,,,ping2
创造力,答案,消费者,,,力,,chuang4,zao4,li4,da2,an4,xiao1,fei4,zhe3,,,,,,li4
俱乐部,村庄,并驾齐驱,,,部,,ju4,le4,bu4,cun1,zhuang1,bing4,jia4,qi2,qu1,,,,,bu4
障碍物,青少年,尊严,,,物,,zhang4,ai4,wu4,qing1,shao4,nian2,zun1,yan2,,,,,,wu4
直辖市,蒸馏水,交响乐,,,市,,zhi2,xia2,shi4,zheng1,liu2,shui3,jiao1,xiang3,yue4,,,,,shi4
猫头鹰,销售额,如虎添翼,,,鹰,,mao1,tou2,ying1,xiao1,shou4,e2,ru2,hu3,tian1,yi4,,,,ying1
金黄色,并驾齐驱,数据,,,色,,jin1,huang2,se4,bing4,jia4,qi2,qu1,shu4,ju4,,,,,se4
铁矿石,哗众取宠,蒸馏水,,,石,,tie3,kuang4,shi2,hua2,zhong4,qu3,chong3,zheng1,liu2,shui3,,,,shi2
图书馆,张冠李戴,出类拔萃,,,馆,,tu2,shu1,guan3,zhang1,guan1,li3,dai4,chu1,lei4,ba2,cui4,,,guan3
丘陵,婚姻法,商店,,,婚,,qiu1,ling2,hun1,yin1,fa3,shang1,dian4,,,,,,,hun1
条款,病原体,冷空气,,,病,,tiao2,kuan3,bing4,yuan2,ti3,leng3,kong1,qi4,,,,,,bing4
流派,会议室,临危受命,,,会,,liu2,pai4,hui4,yi4,shi4,lin2,wei1,shou4,ming4,,,,,hui4
马铃薯,自然界,荣誉,,,自,,ma3,ling2,shu3,zi4,ran2,jie4,rong2,yu4,,,,,,zi4
介绍信,参谋长,灵敏度,,,参,,jie4,shao4,xin4,can1,mou2,zhang3,ling2,min3,du4,,,,,can1
天花板,检察官,劳逸结合,,,检,,tian1,hua1,ban3,jian3,cha2,guan1,lao2,yi4,jie2,he2,,,,jian3
亡羊补牢,宇航员,散文,,,宇,,wang2,yang2,bu3,lao2,yu3,hang2,yuan2,san3,wen2,,,,,yu3
废寝忘食,催化剂,会议室,,,催,,fei4,qin3,wang4,shi2,cui1,hua4,ji4,hui4,yi4,shi4,,,,cui1
灰飞烟灭,金黄色,垂涎欲滴,,,金,,hui1,fei1,yan1,mie4,jin1,huang2,se4,chui2,xian2,yu4,di1,,,jin1
基础,马铃薯,网络,,,马,,ji1,chu3,ma3,ling2,shu3,wang3,luo4,,,,,,,ma3
面包,望远镜,方程式,,,望,,mian4,bao1,wang4,yuan3,jing4,fang1,cheng2,shi4,,,,,,wang4
遗嘱,蒸馏水,淋漓尽致,,,蒸,,yi2,zhu3,zheng1,liu2,shui3,lin2,li2,jin4,zhi4,,,,,zheng1
录音机,灵敏度,瀑布,,,灵,,lu4,yin1,ji1,ling2,min3,du4,pu4,bu4,,,,,,ling2
电冰箱,直辖市,反动派,,,直,,dian4,bing1,xiang1,zhi2,xia2,shi4,fan3,dong4,pai4,,,,,zhi2
银河系,创造力,横冲直撞,,,创,,yin2,he2,xi4,chuang4,zao4,li4,heng2,chong1,zhi2,zhuang4,,,,chuang4
轻车熟路,变压器,面包,,,变,,qing1,che1,shu2,lu4,bian4,ya1,qi4,mian4,bao1,,,,,bian4
延年益寿,铁矿石,呼吸道,,,铁,,yan2,nian2,yi4,shou4,tie3,kuang4,shi2,hu1,xi1,dao4,,,,tie3
开诚布公,障碍物,劳逸结合,,,障,,kai1,cheng2,bu4,gong1,zhang4,ai4,wu4,lao2,yi4,jie2,he2,,,zhang4
财富,俱乐部,遗嘱,,,俱,,cai2,fu4,ju4,le4,bu4,yi2,zhu3,,,,,,,ju4
贝壳,同位素,价值观,,,同,,bei4,ke2,tong2,wei4,su4,jia4,zhi2,guan1,,,,,,tong2
珍珠,淋巴结,巧夺天工,,,淋,,zhen1,zhu1,lin2,ba1,jie2,qiao3,duo2,tian1,gong1,,,,,lin2
笔记本,进行曲,银行,,,进,,bi3,ji4,ben3,jin4,xing2,qu3,yin2,hang2,,,,,,jin4
公安局,奴隶制,代表团,,,奴,,gong1,an1,ju2,nu2,li4,zhi4,dai4,biao3,tuan2,,,,,nu2
参谋长,冷空气,釜底抽薪,,,冷,,can1,mou2,zhang3,leng3,kong1,qi4,fu3,di3,chou1,xin1,,,,leng3
按部就班,猫头鹰,皱纹,,,猫,,an4,bu4,jiu4,ban1,mao1,tou2,ying1,zhou4,wen2,,,,,mao1
临危受命,葡萄糖,笔记本,,,葡,,lin2,wei1,shou4,ming4,pu2,tao2,tang2,bi3,ji4,ben3,,,,pu2
引经据典,销售额,循规蹈矩,,,销,,yin3,jing1,ju4,dian3,xiao1,shou4,e2,xun2,gui1,dao3,ju3,,,xiao1
答案,太阳能,基础,,,能,,da2,an4,tai4,yang2,neng2,ji1,chu3,,,,,,,neng2
企业,紫外线,病原体,,,线,,qi3,ye4,zi3,wai4,xian4,bing4,yuan2,ti3,,,,,,xian4
价格,海平面,责无旁贷,,,面,,jia4,ge2,hai3,ping2,mian4,ze2,wu2,pang2,dai4,,,,,mian4
男子汉,宇航员,餐厅,,,员,,nan2,zi3,han4,yu3,hang2,yuan2,can1,ting1,,,,,,yuan2
主人翁,普通话,宇航员,,,话,,zhu3,ren2,weng1,pu3,tong1,hua4,yu3,hang2,yuan2,,,,,hua4
录音机,葡萄糖,跋山涉水,,,糖,,lu4,yin1,ji1,pu2,tao2,tang2,ba2,shan1,she4,shui3,,,,tang2
当机立断,幼儿园,昆虫,,,园,,dang1,ji1,li4,duan4,you4,er2,yuan2,kun1,chong2,,,,,yuan2
引经据典,变压器,图书馆,,,器,,yin3,jing1,ju4,dian3,bian4,ya1,qi4,tu2,shu1,guan3,,,,qi4
劳逸结合,国务院,心血来潮,,,院,,lao2,yi4,jie2,he2,guo2,wu4,yuan4,xin1,xue4,lai2,chao2,,,yuan4
童话,志愿军,课程,,,军,,tong2,hua4,zhi4,yuan4,1-6月,ke4,cheng2,,,,,,,1-6月
界限,相对论,蒸馏水,,,论,,jie4,xian4,xiang1,dui4,lun4,zheng1,liu2,shui3,,,,,,lun4
途径,研究生,灰飞烟灭,,,生,,tu2,jing4,yan2,jiu1,sheng1,hui1,fei1,yan1,mie4,,,,,sheng1
马铃薯,主人翁,常识,,,翁,,ma3,ling2,shu3,zhu3,ren2,weng1,chang2,shi2,,,,,,weng1
暴风雨,公安局,婚姻法,,,局,,bao4,feng1,yu3,gong1,an1,ju2,hun1,yin1,fa3,,,,,ju2
紫外线,消费者,稍纵即逝,,,者,,zi3,wai4,xian4,xiao1,fei4,zhe3,shao1,zong4,ji2,shi4,,,,zhe3
按部就班,笔记本,生活,,,本,,an4,bu4,jiu4,ban1,bi3,ji4,ben3,sheng1,huo2,,,,,ben3
日积月累,电冰箱,青少年,,,箱,,ri4,ji1,yue4,lei3,dian4,bing1,xiang1,qing1,shao4,nian2,,,,xiang1
逍遥法外,淋巴结,当机立断,,,结,,xiao1,yao2,fa3,wai4,lin2,ba1,jie2,dang1,ji1,li4,duan4,,,jie2
军队,交响乐,银行,,,乐,,1-6月,dui4,jiao1,xiang3,yue4,yin2,hang2,,,,,,,yue4
名称,好奇心,检察官,,,心,,ming2,cheng1,hao4,qi2,xin1,jian3,cha2,guan1,,,,,,xin1
宣言,青少年,掩耳盗铃,,,年,,xuan1,yan2,qing1,shao4,nian2,yan3,er3,dao4,ling2,,,,,nian2
铁矿石,工艺品,散文,,,品,,tie3,kuang4,shi2,gong1,yi4,pin3,san3,wen2,,,,,,pin3
乒乓球,马铃薯,手榴弹,,,薯,,ping1,pang1,qiu2,ma3,ling2,shu3,shou3,liu2,dan4,,,,,shu3
望远镜,魔术师,固步自封,,,师,,wang4,yuan3,jing4,mo2,shu4,shi1,gu4,bu4,zi4,feng1,,,,shi1
妙语连珠,男子汉,企业,,,汉,,miao4,yu3,lian2,zhu1,nan2,zi3,han4,qi3,ye4,,,,,han4
刻不容缓,参谋长,畜牧业,,,长,,ke4,bu4,rong2,huan3,can1,mou2,zhang3,xu4,mu4,ye4,,,,zhang3
举世瞩目,天花板,名列前茅,,,板,,ju3,shi4,zhu3,mu4,tian1,hua1,ban3,ming2,lie4,qian2,mao2,,,ban3
皱纹,录音机,村庄,,,机,,zhou4,wen2,lu4,yin1,ji1,cun1,zhuang1,,,,,,,ji1
伦理,检察官,冷空气,,,官,,lun2,li3,jian3,cha2,guan1,leng3,kong1,qi4,,,,,,guan1
边疆,婚姻法,隔靴搔痒,,,法,,bian1,jiang1,hun1,yin1,fa3,ge2,xue1,sao1,yang3,,,,,fa3
责任感,畜牧业,数据,,,业,,ze2,ren4,gan3,xu4,mu4,ye4,shu4,ju4,,,,,,ye4
参谋长,银河系,视网膜,,,系,,can1,mou2,zhang3,yin2,he2,xi4,shi4,wang3,mo2,,,,,xi4
高利贷,介绍信,振聋发聩,,,信,,gao1,li4,dai4,jie4,shao4,xin4,zhen4,long2,fa1,kui4,,,,xin4
平分秋色,冷空气,居民,,,气,,ping2,fen1,qiu1,se4,leng3,kong1,qi4,ju1,min2,,,,,qi4
通宵达旦,病原体,望远镜,,,体,,tong1,xiao1,da2,dan4,bing4,yuan2,ti3,wang4,yuan3,jing4,,,,ti3
模棱两可,进行曲,因材施教,,,曲,,mo2,leng2,liang3,ke3,jin4,xing2,qu3,yin1,cai2,shi1,jiao4,,,qu3
线索,偏见,暴风雨,,,暴,,xian4,suo3,pian1,jian4,bao4,feng1,yu3,,,,,,,bao4
性别,研究生,银河系,,,银,,xing4,bie2,yan2,jiu1,sheng1,yin2,he2,xi4,,,,,,yin2
荣誉,任重道远,西红柿,,,西,,rong2,yu4,ren4,zhong4,dao4,yuan3,xi1,hong2,shi4,,,,,xi1
消费者,尊严,写字台,,,写,,xiao1,fei4,zhe3,zun1,yan2,xie3,zi4,tai2,,,,,,xie3
畜牧业,普通话,志愿军,,,志,,xu4,mu4,ye4,pu3,tong1,hua4,zhi4,yuan4,1-6月,,,,,zhi4
销售额,聚精会神,海平面,,,海,,xiao1,shou4,e2,ju4,jing1,hui4,shen2,hai3,ping2,mian4,,,,hai3
聚精会神,节目,公安局,,,公,,ju4,jing1,hui4,shen2,jie2,mu4,gong1,an1,ju2,,,,,gong1
灰飞烟灭,多边形,重要性,,,重,,hui1,fei1,yan1,mie4,duo1,bian1,xing2,zhong4,yao4,xing4,,,,zhong4
热泪盈眶,当机立断,超声波,,,超,,re4,lei4,ying2,kuang4,dang1,ji1,li4,duan4,chao1,sheng1,bo1,,,chao1
节目,背影,天花板,,,天,,jie2,mu4,bei4,ying3,tian1,hua1,ban3,,,,,,,tian1
玩具,锦标赛,高利贷,,,高,,wan2,ju4,jin3,biao1,sai4,gao1,li4,dai4,,,,,,gao1
课程,模棱两可,招待所,,,招,,ke4,cheng2,mo2,leng2,liang3,ke3,zhao1,dai4,suo3,,,,,zhao1
价值观,面包,录音机,,,录,,jia4,zhi2,guan1,mian4,bao1,lu4,yin1,ji1,,,,,,lu4
检察官,反动派,畜牧业,,,畜,,jian3,cha2,guan1,fan3,dong4,pai4,xu4,mu4,ye4,,,,,xu4
魔术师,各抒己见,手榴弹,,,手,,mo2,shu4,shi1,ge4,shu1,ji3,jian4,shou3,liu2,dan4,,,,shou3
巧夺天工,种族,幼儿园,,,幼,,qiao3,duo2,tian1,gong1,zhong3,zu2,you4,er2,yuan2,,,,,you4
乍暖还寒,高利贷,荧光屏,,,荧,,zha4,nuan3,huan2,han2,gao1,li4,dai4,ying2,guang1,ping2,,,,ying2
朝气蓬勃,浅尝辄止,介绍信,,,介,,zhao1,qi4,peng2,bo2,qian3,chang2,zhe2,zhi3,jie4,shao4,xin4,,,jie4
商店,网络,内分泌,,,内,,shang1,dian4,wang3,luo4,nei4,fen1,mi4,,,,,,,nei4
肥料,介绍信,乒乓球,,,乒,,fei2,liao4,jie4,shao4,xin4,ping1,pang1,qiu2,,,,,,ping1
灵魂,妙语连珠,锦标赛,,,锦,,ling2,hun2,miao4,yu3,lian2,zhu1,jin3,biao1,sai4,,,,,jin3
代表团,宇宙,电冰箱,,,电,,dai4,biao3,tuan2,yu3,zhou4,dian4,bing1,xiang1,,,,,,dian4
相对论,呼吸道,神经元,,,神,,xiang1,dui4,lun4,hu1,xi1,dao4,shen2,jing1,yuan2,,,,,shen2
银河系,扑朔迷离,主人翁,,,主,,yin2,he2,xi4,pu1,shuo4,mi2,li2,zhu3,ren2,weng1,,,,zhu3
延年益寿,童话,视网膜,,,视,,yan2,nian2,yi4,shou4,tong2,hua4,shi4,wang3,mo2,,,,,shi4
各抒己见,畜牧业,氨基酸,,,氨,,ge4,shu1,ji3,jian4,xu4,mu4,ye4,an1,ji1,suan1,,,,an1
张冠李戴,循规蹈矩,多边形,,,多,,zhang1,guan1,li3,dai4,xun2,gui1,dao3,ju3,duo1,bian1,xing2,,,duo1
居民,仓库,写字台,,,字,,ju1,min2,cang1,ku4,xie3,zi4,tai2,,,,,,,zi4
根源,公安局,价值观,,,值,,gen1,yuan2,gong1,an1,ju2,jia4,zhi2,guan1,,,,,,zhi2
观点,蝇头小利,销售额,,,售,,guan1,dian3,ying2,tou2,xiao3,li4,xiao1,shou4,e2,,,,,shou4
主人翁,技巧,宇航员,,,航,,zhu3,ren2,weng1,ji4,qiao3,yu3,hang2,yuan2,,,,,,hang2
好奇心,电冰箱,内分泌,,,分,,hao4,qi2,xin1,dian4,bing1,xiang1,nei4,fen1,mi4,,,,,fen1
视网膜,千载难逢,招待所,,,待,,shi4,wang3,mo2,qian1,zai3,nan2,feng2,zhao1,dai4,suo3,,,,dai4
掩耳盗铃,散文,葡萄糖,,,萄,,yan3,er3,dao4,ling2,san3,wen2,pu2,tao2,tang2,,,,,tao2
雪中送炭,乒乓球,俱乐部,,,乐,,xue3,zhong1,song4,tan4,ping1,pang1,qiu2,ju4,le4,bu4,,,,le4
哗众取宠,淋漓尽致,病原体,,,原,,hua2,zhong4,qu3,chong3,lin2,li2,jin4,zhi4,bing4,yuan2,ti3,,,yuan2
权威,伦理,氨基酸,,,基,,quan2,wei1,lun2,li3,an1,ji1,suan1,,,,,,,ji1
祖先,手榴弹,电冰箱,,,冰,,zu3,xian1,shou3,liu2,dan4,dian4,bing1,xiang1,,,,,,bing1
形状,含辛茹苦,天花板,,,花,,xing2,zhuang4,han2,xin1,ru2,ku3,tian1,hua1,ban3,,,,,hua1
公安局,根源,乒乓球,,,乓,,gong1,an1,ju2,gen1,yuan2,ping1,pang1,qiu2,,,,,,pang1
科学家,出版社,笔记本,,,记,,ke1,xue2,jia1,chu1,ban3,she4,bi3,ji4,ben3,,,,,ji4
变压器,煞有介事,志愿军,,,愿,,bian4,ya1,qi4,sha4,you3,jie4,shi4,zhi4,yuan4,1-6月,,,,yuan4
隔靴搔痒,灵魂,创造力,,,造,,ge2,xue1,sao1,yang3,ling2,hun2,chuang4,zao4,li4,,,,,zao4
横冲直撞,银河系,马铃薯,,,铃,,heng2,chong1,zhi2,zhuang4,yin2,he2,xi4,ma3,ling2,shu3,,,,ling2
任重道远,扬长避短,自然界,,,然,,ren4,zhong4,dao4,yuan3,yang2,chang2,bi4,duan3,zi4,ran2,jie4,,,ran2
种族,价格,障碍物,,,碍,,zhong3,zu2,jia4,ge2,zhang4,ai4,wu4,,,,,,,ai4
邮票,内分泌,银河系,,,河,,you2,piao4,nei4,fen1,mi4,yin2,he2,xi4,,,,,,he2
背影,西装革履,进行曲,,,行,,bei4,ying3,xi1,zhuang1,ge2,lv3,jin4,xing2,qu3,,,,,xing2
交响乐,蔬菜,猫头鹰,,,头,,jiao1,xiang3,yue4,shu1,cai4,mao1,tou2,ying1,,,,,,tou2
青少年,望远镜,紫外线,,,外,,qing1,shao4,nian2,wang4,yuan3,jing4,zi3,wai4,xian4,,,,,wai4
研究生,劳逸结合,录音机,,,音,,yan2,jiu1,sheng1,lao2,yi4,jie2,he2,lu4,yin1,ji1,,,,yin1
出类拔萃,肥料,介绍信,,,绍,,chu1,lei4,ba2,cui4,fei2,liao4,jie4,shao4,xin4,,,,,shao4
垂涎欲滴,视网膜,暴风雨,,,风,,chui2,xian2,yu4,di1,shi4,wang3,mo2,bao4,feng1,yu3,,,,feng1
花团锦簇,轻车熟路,望远镜,,,远,,hua1,tuan2,jin3,cu4,qing1,che1,shu2,lu4,wang4,yuan3,jing4,,,yuan3
倾家荡产,银行,基础,,,家,,qing1,jia1,dang4,chan3,yin2,hang2,ji1,chu3,,,,,,jia1
滥竽充数,线索,俱乐部,,,竽,,lan4,yu2,chong1,shu4,xian4,suo3,ju4,le4,bu4,,,,,yu2
力挽狂澜,财富,人赃俱获,,,挽,,li4,wan3,kuang2,lan2,cai2,fu4,ren2,zang1,ju4,huo4,,,,wan3
纸上谈兵,责任感,贝壳,,,上,,zhi3,shang4,tan2,bing1,ze2,ren4,gan3,bei4,ke2,,,,,shang4
刻不容缓,价值观,研究生,,,不,,ke4,bu4,rong2,huan3,jia4,zhi2,guan1,yan2,jiu1,sheng1,,,,bu4
风驰电掣,魔术师,引经据典,,,驰,,feng1,chi2,dian4,che4,mo2,shu4,shi1,yin3,jing1,ju4,dian3,,,chi2
传宗接代,巧夺天工,根源,,,宗,,chuan2,zong1,jie1,dai4,qiao3,duo2,tian1,gong1,gen1,yuan2,,,,zong1
韬光养晦,亡羊补牢,男子汉,,,光,,tao1,guang1,yang3,hui4,wang2,yang2,bu3,lao2,nan2,zi3,han4,,,guang1
细枝末节,平分秋色,纸上谈兵,,,枝,,xi4,zhi1,mo4,jie2,ping2,fen1,qiu1,se4,zhi3,shang4,tan2,bing1,,zhi1
通宵达旦,故乡,觉悟,,,宵,,tong1,xiao1,da2,dan4,gu4,xiang1,jue2,wu4,,,,,,xiao1
循规蹈矩,昆虫,相对论,,,规,,xun2,gui1,dao3,ju3,kun1,chong2,xiang1,dui4,lun4,,,,,gui1
吞云吐雾,诗歌,通宵达旦,,,云,,tun1,yun2,tu3,wu4,shi1,ge1,tong1,xiao1,da2,dan4,,,,yun2
扑朔迷离,天花板,形状,,,朔,,pu1,shuo4,mi2,li2,tian1,hua1,ban3,xing2,zhuang4,,,,,shuo4
守株待兔,铁矿石,葡萄糖,,,株,,shou3,zhu1,dai4,tu4,tie3,kuang4,shi2,pu2,tao2,tang2,,,,zhu1
品学兼优,穿山甲,浅尝辄止,,,学,,pin3,xue2,jian1,you1,chuan1,shan1,jia3,qian3,chang2,zhe2,zhi3,,,xue2
暗度陈仓,临危受命,城市,,,度,,an4,du4,chen2,cang1,lin2,wei1,shou4,ming4,cheng2,shi4,,,,du4
隔靴搔痒,横冲直撞,反动派,,,靴,,ge2,xue1,sao1,yang3,heng2,chong1,zhi2,zhuang4,fan3,dong4,pai4,,,xue1
釜底抽薪,手忙脚乱,恼羞成怒,,,底,,fu3,di3,chou1,xin1,shou3,mang2,jiao3,luan4,nao3,xiu1,cheng2,nu4,,di3
振聋发聩,界限,种族,,,聋,,zhen4,long2,fa1,kui4,jie4,xian4,zhong3,zu2,,,,,,long2
对症下药,宗旨,锦标赛,,,症,,dui4,zheng4,xia4,yao4,zong1,zhi3,jin3,biao1,sai4,,,,,zheng4
昭然若揭,郊区,对症下药,,,然,,zhao1,ran2,ruo4,jie1,jiao1,qu1,dui4,zheng4,xia4,yao4,,,,ran2
因材施教,幼儿园,邮票,,,材,,yin1,cai2,shi1,jiao4,you4,er2,yuan2,you2,piao4,,,,,cai2
名列前茅,志愿军,荧光屏,,,列,,ming2,lie4,qian2,mao2,zhi4,yuan4,1-6月,ying2,guang1,ping2,,,,lie4
浅尝辄止,单细胞,出类拔萃,,,尝,,qian3,chang2,zhe2,zhi3,dan1,xi4,bao1,chu1,lei4,ba2,cui4,,,chang2
淋漓尽致,朝气蓬勃,肥料,,,漓,,lin2,li2,jin4,zhi4,zhao1,qi4,peng2,bo2,fei2,liao4,,,,li2
扬长避短,人赃俱获,国务院,,,长,,yang2,chang2,bi4,duan3,ren2,zang1,ju4,huo4,guo2,wu4,yuan4,,,chang2
含辛茹苦,吞云吐雾,并驾齐驱,,,辛,,han2,xin1,ru2,ku3,tun1,yun2,tu3,wu4,bing4,jia4,qi2,qu1,,xin1
蛛丝马迹,根源,性别,,,马,,zhu1,si1,ma3,ji4,gen1,yuan2,xing4,bie2,,,,,,ma3
平分秋色,草原,奴隶制,,,秋,,ping2,fen1,qiu1,se4,cao3,yuan2,nu2,li4,zhi4,,,,,qiu1
劳逸结合,居民,力挽狂澜,,,结,,lao2,yi4,jie2,he2,ju1,min2,li4,wan3,kuang2,lan2,,,,jie2
手忙脚乱,荧光屏,财富,,,脚,,shou3,mang2,jiao3,luan4,ying2,guang1,ping2,cai2,fu4,,,,,jiao3
倾家荡产,党中央,直辖市,,,荡,,qing1,jia1,dang4,chan3,dang3,zhong1,yang1,zhi2,xia2,shi4,,,,dang4
并驾齐驱,灵敏度,千载难逢,,,齐,,bing4,jia4,qi2,qu1,ling2,min3,du4,qian1,zai3,nan2,feng2,,,qi2
昭然若揭,风驰电掣,词汇,,,若,,zhao1,ran2,ruo4,jie1,feng1,chi2,dian4,che4,ci2,hui4,,,,ruo4
聚精会神,身先士卒,公安局,,,会,,ju4,jing1,hui4,shen2,shen1,xian1,shi4,zu2,gong1,an1,ju2,,,hui4
恼羞成怒,传宗接代,望尘莫及,,,成,,nao3,xiu1,cheng2,nu4,chuan2,zong1,jie1,dai4,wang4,chen2,mo4,ji2,,cheng2
淋漓尽致,贝壳,价格,,,尽,,lin2,li2,jin4,zhi4,bei4,ke2,jia4,ge2,,,,,,jin4
日积月累,觉悟,穿山甲,,,月,,ri4,ji1,yue4,lei3,jue2,wu4,chuan1,shan1,jia3,,,,,yue4
掩耳盗铃,婚礼,妙语连珠,,,盗,,yan3,er3,dao4,ling2,hun1,li3,miao4,yu3,lian2,zhu1,,,,dao4
朝气蓬勃,海平面,答案,,,蓬,,zhao1,qi4,peng2,bo2,hai3,ping2,mian4,da2,an4,,,,,peng2
哗众取宠,国务院,海平面,,,取,,hua2,zhong4,qu3,chong3,guo2,wu4,yuan4,hai3,ping2,mian4,,,,qu3
任重道远,奴隶制,如虎添翼,,,道,,ren4,zhong4,dao4,yuan3,nu2,li4,zhi4,ru2,hu3,tian1,yi4,,,dao4
循规蹈矩,倾家荡产,祖先,,,蹈,,xun2,gui1,dao3,ju3,qing1,jia1,dang4,chan3,zu3,xian1,,,,dao3
望尘莫及,掩耳盗铃,紫外线,,,莫,,wang4,chen2,mo4,ji2,yan3,er3,dao4,ling2,zi3,wai4,xian4,,,mo4
纸上谈兵,热泪盈眶,手忙脚乱,,,谈,,zhi3,shang4,tan2,bing1,re4,lei4,ying2,kuang4,shou3,mang2,jiao3,luan4,,tan2
固步自封,基础,温泉,,,自,,gu4,bu4,zi4,feng1,ji1,chu3,wen1,quan2,,,,,,zi4
竭泽而渔,诗歌,高利贷,,,而,,jie2,ze2,er2,yu2,shi1,ge1,gao1,li4,dai4,,,,,er2
韬光养晦,企业,大快朵颐,,,养,,tao1,guang1,yang3,hui4,qi3,ye4,da4,kuai4,duo3,yi2,,,,yang3
出类拔萃,紫外线,常识,,,拔,,chu1,lei4,ba2,cui4,zi3,wai4,xian4,chang2,shi2,,,,,ba2
花团锦簇,招待所,普通话,,,锦,,hua1,tuan2,jin3,cu4,zhao1,dai4,suo3,pu3,tong1,hua4,,,,jin3
热泪盈眶,猫头鹰,废寝忘食,,,盈,,re4,lei4,ying2,kuang4,mao1,tou2,ying1,fei4,qin3,wang4,shi2,,,ying2
西装革履,延年益寿,皱纹,,,革,,xi1,zhuang1,ge2,lv3,yan2,nian2,yi4,shou4,zhou4,wen2,,,,ge2
张冠李戴,举世瞩目,参谋长,,,李,,zhang1,guan1,li3,dai4,ju3,shi4,zhu3,mu4,can1,mou2,zhang3,,,li3
举世瞩目,灰飞烟灭,哗众取宠,,,瞩,,ju3,shi4,zhu3,mu4,hui1,fei1,yan1,mie4,hua2,zhong4,qu3,chong3,,zhu3
滥竽充数,军队,线索,,,充,,lan4,yu2,chong1,shu4,1-6月,dui4,xian4,suo3,,,,,,chong1
含辛茹苦,价格,科学家,,,茹,,han2,xin1,ru2,ku3,jia4,ge2,ke1,xue2,jia1,,,,,ru2
如虎添翼,新闻,品学兼优,,,添,,ru2,hu3,tian1,yi4,xin1,wen2,pin3,xue2,jian1,you1,,,,tian1
跋山涉水,俱乐部,沙滩,,,涉,,ba2,shan1,she4,shui3,ju4,le4,bu4,sha1,tan1,,,,,she4
巧夺天工,太阳能,交响乐,,,天,,qiao3,duo2,tian1,gong1,tai4,yang2,neng2,jiao1,xiang3,yue4,,,,tian1
品学兼优,超声波,滥竽充数,,,兼,,pin3,xue2,jian1,you1,chao1,sheng1,bo1,lan4,yu2,chong1,shu4,,,jian1
乍暖还寒,韬光养晦,宇宙,,,还,,zha4,nuan3,huan2,han2,tao1,guang1,yang3,hui4,yu3,zhou4,,,,huan2
对症下药,望尘莫及,金黄色,,,下,,dui4,zheng4,xia4,yao4,wang4,chen2,mo4,ji2,jin1,huang2,se4,,,xia4
浅尝辄止,固步自封,吞云吐雾,,,辄,,qian3,chang2,zhe2,zhi3,gu4,bu4,zi4,feng1,tun1,yun2,tu3,wu4,,zhe2
因材施教,途径,遗嘱,,,教,,yin1,cai2,shi1,jiao4,tu2,jing4,yi2,zhu3,,,,,,jiao4
雪中送炭,常识,超声波,,,炭,,xue3,zhong1,song4,tan4,chang2,shi2,chao1,sheng1,bo1,,,,,tan4
责无旁贷,宣言,聚精会神,,,贷,,ze2,wu2,pang2,dai4,xuan1,yan2,ju4,jing1,hui4,shen2,,,,dai4
手忙脚乱,消费者,雕塑,,,乱,,shou3,mang2,jiao3,luan4,xiao1,fei4,zhe3,diao1,su4,,,,,luan4
循规蹈矩,自然界,魔术师,,,矩,,xun2,gui1,dao3,ju3,zi4,ran2,jie4,mo2,shu4,shi1,,,,ju3
淋漓尽致,神经元,延年益寿,,,致,,lin2,li2,jin4,zhi4,shen2,jing1,yuan2,yan2,nian2,yi4,shou4,,,zhi4
振聋发聩,暗度陈仓,荣誉,,,聩,,zhen4,long2,fa1,kui4,an4,du4,chen2,cang1,rong2,yu4,,,,kui4
暗度陈仓,振聋发聩,障碍物,,,仓,,an4,du4,chen2,cang1,zhen4,long2,fa1,kui4,zhang4,ai4,wu4,,,cang1
对症下药,化险为夷,风驰电掣,,,药,,dui4,zheng4,xia4,yao4,hua4,xian3,wei2,yi2,feng1,chi2,dian4,che4,,yao4
竭泽而渔,悲剧,丘陵,,,渔,,jie2,ze2,er2,yu2,bei1,ju4,qiu1,ling2,,,,,,yu2
滥竽充数,伦理,西红柿,,,数,,lan4,yu2,chong1,shu4,lun2,li3,xi1,hong2,shi4,,,,,shu4
身先士卒,背影,刻不容缓,,,卒,,shen1,xian1,shi4,zu2,bei4,ying3,ke4,bu4,rong2,huan3,,,,zu2
固步自封,西红柿,萌芽,,,封,,gu4,bu4,zi4,feng1,xi1,hong2,shi4,meng2,ya2,,,,,feng1
釜底抽薪,笔记本,消费者,,,薪,,fu3,di3,chou1,xin1,bi3,ji4,ben3,xiao1,fei4,zhe3,,,,xin1
纸上谈兵,男子汉,化险为夷,,,兵,,zhi3,shang4,tan2,bing1,nan2,zi3,han4,hua4,xian3,wei2,yi2,,,bing1
横冲直撞,照本宣科,瀑布,,,撞,,heng2,chong1,zhi2,zhuang4,zhao4,ben3,xuan1,ke1,pu4,bu4,,,,zhuang4
守株待兔,纸上谈兵,幼儿园,,,兔,,shou3,zhu1,dai4,tu4,zhi3,shang4,tan2,bing1,you4,er2,yuan2,,,tu4
煞有介事,对症下药,言简意赅,,,事,,sha4,you3,jie4,shi4,dui4,zheng4,xia4,yao4,yan2,jian3,yi4,gai1,,shi4
阶层,乍暖还寒,军队,,,乍,,jie1,ceng2,zha4,nuan3,huan2,han2,1-6月,dui4,,,,,,zha4
诗歌,引经据典,变压器,,,引,,shi1,ge1,yin3,jing1,ju4,dian3,bian4,ya1,qi4,,,,,yin3
生活,灰飞烟灭,逍遥法外,,,灰,,sheng1,huo2,hui1,fei1,yan1,mie4,xiao1,yao2,fa3,wai4,,,,hui1
介绍信,平分秋色,悲剧,,,平,,jie4,shao4,xin4,ping2,fen1,qiu1,se4,bei1,ju4,,,,,ping2
猫头鹰,运筹帷幄,主人翁,,,运,,mao1,tou2,ying1,yun4,chou2,wei2,wo4,zhu3,ren2,weng1,,,,yun4
单细胞,稍纵即逝,韬光养晦,,,稍,,dan1,xi4,bao1,shao1,zong4,ji2,shi4,tao1,guang1,yang3,hui4,,,shao1
恼羞成怒,大快朵颐,条款,,,大,,nao3,xiu1,cheng2,nu4,da4,kuai4,duo3,yi2,tiao2,kuan3,,,,da4
千载难逢,名列前茅,出版社,,,名,,qian1,zai3,nan2,feng2,ming2,lie4,qian2,mao2,chu1,ban3,she4,,,ming2
心血来潮,热泪盈眶,暗度陈仓,,,热,,xin1,xue4,lai2,chao2,re4,lei4,ying2,kuang4,an4,du4,chen2,cang1,,re4
沙滩,恼羞成怒,羽毛,,,恼,,sha1,tan1,nao3,xiu1,cheng2,nu4,yu3,mao2,,,,,,nao3
草原,手忙脚乱,马铃薯,,,手,,cao3,yuan2,shou3,mang2,jiao3,luan4,ma3,ling2,shu3,,,,,shou3
技巧,逍遥法外,煞有介事,,,逍,,ji4,qiao3,xiao1,yao2,fa3,wai4,sha4,you3,jie4,shi4,,,,xiao1
俱乐部,跋山涉水,阶层,,,跋,,ju4,le4,bu4,ba2,shan1,she4,shui3,jie1,ceng2,,,,,ba2
宇航员,通宵达旦,淋巴结,,,通,,yu3,hang2,yuan2,tong1,xiao1,da2,dan4,lin2,ba1,jie2,,,,tong1
幼儿园,出类拔萃,扬长避短,,,出,,you4,er2,yuan2,chu1,lei4,ba2,cui4,yang2,chang2,bi4,duan3,,,chu1
身先士卒,垂涎欲滴,伦理,,,垂,,shen1,xian1,shi4,zu2,chui2,xian2,yu4,di1,lun2,li3,,,,chui2
望尘莫及,隔靴搔痒,催化剂,,,隔,,wang4,chen2,mo4,ji2,ge2,xue1,sao1,yang3,cui1,hua4,ji4,,,ge2
稍纵即逝,延年益寿,传宗接代,,,延,,shao1,zong4,ji2,shi4,yan2,nian2,yi4,shou4,chuan2,zong1,jie1,dai4,,yan2
规则,品学兼优,故乡,,,品,,gui1,ze2,pin3,xue2,jian1,you1,gu4,xiang1,,,,,,pin3
婚礼,韬光养晦,销售额,,,韬,,hun1,li3,tao1,guang1,yang3,hui4,xiao1,shou4,e2,,,,,tao1
环境,守株待兔,举世瞩目,,,守,,huan2,jing4,shou3,zhu1,dai4,tu4,ju3,shi4,zhu3,mu4,,,,shou3
太阳能,雪中送炭,走廊,,,雪,,tai4,yang2,neng2,xue3,zhong1,song4,tan4,zou3,lang2,,,,,xue3
同位素,浅尝辄止,好奇心,,,浅,,tong2,wei4,su4,qian3,chang2,zhe2,zhi3,hao4,qi2,xin1,,,,qian3
写字台,对症下药,蝇头小利,,,对,,xie3,zi4,tai2,dui4,zheng4,xia4,yao4,ying2,tou2,xiao3,li4,,,dui4
吞云吐雾,淋漓尽致,规则,,,淋,,tun1,yun2,tu3,wu4,lin2,li2,jin4,zhi4,gui1,ze2,,,,lin2
亡羊补牢,因材施教,灵敏度,,,因,,wang2,yang2,bu3,lao2,yin1,cai2,shi1,jiao4,ling2,min3,du4,,,yin1
蝇头小利,朝气蓬勃,竭泽而渔,,,朝,,ying2,tou2,xiao3,li4,zhao1,qi4,peng2,bo2,jie2,ze2,er2,yu2,,zhao1
汉字,振聋发聩,流派,,,发,,han4,zi4,zhen4,long2,fa1,kui4,liu2,pai4,,,,,,fa1
贝壳,垂涎欲滴,会议室,,,欲,,bei4,ke2,chui2,xian2,yu4,di1,hui4,yi4,shi4,,,,,yu4
途径,煞有介事,平分秋色,,,介,,tu2,jing4,sha4,you3,jie4,shi4,ping2,fen1,qiu1,se4,,,,jie4
进行曲,暗度陈仓,宗旨,,,陈,,jin4,xing2,qu3,an4,du4,chen2,cang1,zong1,zhi3,,,,,chen2
手榴弹,按部就班,同位素,,,就,,shou3,liu2,dan4,an4,bu4,jiu4,ban1,tong2,wei4,su4,,,,jiu4
创造力,横冲直撞,轻车熟路,,,直,,chuang4,zao4,li4,heng2,chong1,zhi2,zhuang4,qing1,che1,shu2,lu4,,,zhi2
名列前茅,扑朔迷离,契约,,,迷,,ming2,lie4,qian2,mao2,pu1,shuo4,mi2,li2,qi4,yue1,,,,mi2
并驾齐驱,蝇头小利,工艺品,,,小,,bing4,jia4,qi2,qu1,ying2,tou2,xiao3,li4,gong1,yi4,pin3,,,xiao3
大快朵颐,扬长避短,含辛茹苦,,,避,,da4,kuai4,duo3,yi2,yang2,chang2,bi4,duan3,han2,xin1,ru2,ku3,,bi4
条款,雪中送炭,汉字,,,送,,tiao2,kuan3,xue3,zhong1,song4,tan4,han4,zi4,,,,,,song4
散文,心血来潮,多边形,,,来,,san3,wen2,xin1,xue4,lai2,chao2,duo1,bian1,xing2,,,,,lai2
荣誉,运筹帷幄,乍暖还寒,,,帷,,rong2,yu4,yun4,chou2,wei2,wo4,zha4,nuan3,huan2,han2,,,,wei2
图书馆,守株待兔,榜样,,,待,,tu2,shu1,guan3,shou3,zhu1,dai4,tu4,bang3,yang4,,,,,dai4
自然界,开诚布公,重要性,,,布,,zi4,ran2,jie4,kai1,cheng2,bu4,gong1,zhong4,yao4,xing4,,,,bu4
婚姻法,人赃俱获,任重道远,,,俱,,hun1,yin1,fa3,ren2,zang1,ju4,huo4,ren4,zhong4,dao4,yuan3,,,ju4
照本宣科,逍遥法外,环境,,,法,,zhao4,ben3,xuan1,ke1,xiao1,yao2,fa3,wai4,huan2,jing4,,,,fa3
细枝末节,废寝忘食,自然界,,,忘,,xi4,zhi1,mo4,jie2,fei4,qin3,wang4,shi2,zi4,ran2,jie4,,,wang4
随波逐流,妙语连珠,雪中送炭,,,连,,sui2,bo1,zhu2,liu2,miao4,yu3,lian2,zhu1,xue3,zhong1,song4,tan4,,lian2
温泉,通宵达旦,玩具,,,达,,wen1,quan2,tong1,xiao1,da2,dan4,wan2,ju4,,,,,,da2
契约,言简意赅,太阳能,,,意,,qi4,yue1,yan2,jian3,yi4,gai1,tai4,yang2,neng2,,,,,yi4
性别,临危受命,照本宣科,,,受,,xing4,bie2,lin2,wei1,shou4,ming4,zhao4,ben3,xuan1,ke1,,,,shou4
呼吸道,隔靴搔痒,宣言,,,搔,,hu1,xi1,dao4,ge2,xue1,sao1,yang3,xuan1,yan2,,,,,sao1
工艺品,责无旁贷,进行曲,,,旁,,gong1,yi4,pin3,ze2,wu2,pang2,dai4,jin4,xing2,qu3,,,,pang2
淋巴结,病入膏肓,昭然若揭,,,膏,,lin2,ba1,jie2,bing4,ru4,gao1,huang1,zhao1,ran2,ruo4,jie1,,,gao1
临危受命,釜底抽薪,郊区,,,抽,,lin2,wei1,shou4,ming4,fu3,di3,chou1,xin1,jiao1,qu1,,,,chou1
扬长避短,当机立断,方程式,,,立,,yang2,chang2,bi4,duan3,dang1,ji1,li4,duan4,fang1,cheng2,shi4,,,li4
责无旁贷,稍纵即逝,细枝末节,,,即,,ze2,wu2,pang2,dai4,shao1,zong4,ji2,shi4,xi4,zhi1,mo4,jie2,,ji2
技巧,随波逐流,香烟,,,逐,,ji4,qiao3,sui2,bo1,zhu2,liu2,xiang1,yan1,,,,,,zhu2
羽毛,照本宣科,单细胞,,,宣,,yu3,mao2,zhao4,ben3,xuan1,ke1,dan1,xi4,bao1,,,,,xuan1
企业,轻车熟路,守株待兔,,,熟,,qi3,ye4,qing1,che1,shu2,lu4,shou3,zhu1,dai4,tu4,,,,shu2
病原体,千载难逢,课程,,,难,,bing4,yuan2,ti3,qian1,zai3,nan2,feng2,ke4,cheng2,,,,,nan2
出版社,海市蜃楼,神经元,,,蜃,,chu1,ban3,she4,hai3,shi4,shen4,lou2,shen2,jing1,yuan2,,,,shen4
志愿军,模棱两可,临危受命,,,两,,zhi4,yuan4,1-6月,mo2,leng2,liang3,ke3,lin2,wei1,shou4,ming4,,,liang3
跋山涉水,化险为夷,权威,,,为,,ba2,shan1,she4,shui3,hua4,xian3,wei2,yi2,quan2,wei1,,,,wei2
当机立断,刻不容缓,铁矿石,,,容,,dang1,ji1,li4,duan4,ke4,bu4,rong2,huan3,tie3,kuang4,shi2,,,rong2
扑朔迷离,因材施教,随波逐流,,,施,,pu1,shuo4,mi2,li2,yin1,cai2,shi1,jiao4,sui2,bo1,zhu2,liu2,,shi1
生活,乍暖还寒,尊严,,,寒,,sheng1,huo2,zha4,nuan3,huan2,han2,zun1,yan2,,,,,,han2
尊严,风驰电掣,猫头鹰,,,掣,,zun1,yan2,feng1,chi2,dian4,che4,mao1,tou2,ying1,,,,,che4
诗歌,名列前茅,刻不容缓,,,茅,,shi1,ge1,ming2,lie4,qian2,mao2,ke4,bu4,rong2,huan3,,,,mao2
男子汉,跋山涉水,范围,,,水,,nan2,zi3,han4,ba2,shan1,she4,shui3,fan4,wei2,,,,,shui3
灵敏度,稍纵即逝,创造力,,,逝,,ling2,min3,du4,shao1,zong4,ji2,shi4,chuang4,zao4,li4,,,,shi4
内分泌,大快朵颐,纸上谈兵,,,颐,,nei4,fen1,mi4,da4,kuai4,duo3,yi2,zhi3,shang4,tan2,bing1,,,yi2
力挽狂澜,海市蜃楼,途径,,,楼,,li4,wan3,kuang2,lan2,hai3,shi4,shen4,lou2,tu2,jing4,,,,lou2
传宗接代,品学兼优,责任感,,,优,,chuan2,zong1,jie1,dai4,pin3,xue2,jian1,you1,ze2,ren4,gan3,,,you1
废寝忘食,逍遥法外,手忙脚乱,,,外,,fei4,qin3,wang4,shi2,xiao1,yao2,fa3,wai4,shou3,mang2,jiao3,luan4,,wai4
阶层,言简意赅,修养,,,赅,,jie1,ceng2,yan2,jian3,yi4,gai1,xiu1,yang3,,,,,,gai1
名称,张冠李戴,党中央,,,戴,,ming2,cheng1,zhang1,guan1,li3,dai4,dang3,zhong1,yang1,,,,,dai4
财富,花团锦簇,煞有介事,,,簇,,cai2,fu4,hua1,tuan2,jin3,cu4,sha4,you3,jie4,shi4,,,,cu4
天花板,出类拔萃,婚礼,,,萃,,tian1,hua1,ban3,chu1,lei4,ba2,cui4,hun1,li3,,,,,cui4
招待所,力挽狂澜,直辖市,,,澜,,zhao1,dai4,suo3,li4,wan3,kuang2,lan2,zhi2,xia2,shi4,,,,lan2
氨基酸,垂涎欲滴,海市蜃楼,,,滴,,an1,ji1,suan1,chui2,xian2,yu4,di1,hai3,shi4,shen4,lou2,,,di1
人赃俱获,含辛茹苦,商店,,,苦,,ren2,zang1,ju4,huo4,han2,xin1,ru2,ku3,shang1,dian4,,,,ku3
病入膏肓,心血来潮,录音机,,,潮,,bing4,ru4,gao1,huang1,xin1,xue4,lai2,chao2,lu4,yin1,ji1,,,chao2
海市蜃楼,刻不容缓,滥竽充数,,,缓,,hai3,shi4,shen4,lou2,ke4,bu4,rong2,huan3,lan4,yu2,chong1,shu4,,huan3
丘陵,邮票,花团锦簇,,,花,,qiu1,ling2,you2,piao4,hua1,tuan2,jin3,cu4,,,,,,hua1
萌芽,主人翁,模棱两可,,,模,,meng2,ya2,zhu3,ren2,weng1,mo2,leng2,liang3,ke3,,,,,mo2
玩具,废寝忘食,扬长避短,,,扬,,wan2,ju4,fei4,qin3,wang4,shi2,yang2,chang2,bi4,duan3,,,,yang2
方程式,偏见,暗度陈仓,,,暗,,fang1,cheng2,shi4,pian1,jian4,an4,du4,chen2,cang1,,,,,an4
障碍物,写字台,各抒己见,,,各,,zhang4,ai4,wu4,xie3,zi4,tai2,ge4,shu1,ji3,jian4,,,,ge4
神经元,恼羞成怒,昭然若揭,,,昭,,shen2,jing1,yuan2,nao3,xiu1,cheng2,nu4,zhao1,ran2,ruo4,jie1,,,zhao1
风驰电掣,汉字,扑朔迷离,,,扑,,feng1,chi2,dian4,che4,han4,zi4,pu1,shuo4,mi2,li2,,,,pu1
轻车熟路,金黄色,言简意赅,,,言,,qing1,che1,shu2,lu4,jin1,huang2,se4,yan2,jian3,yi4,gai1,,,yan2
西装革履,滥竽充数,海市蜃楼,,,海,,xi1,zhuang1,ge2,lv3,lan4,yu2,chong1,shu4,hai3,shi4,shen4,lou2,,hai3
肥料,银行,振聋发聩,,,振,,fei2,liao4,yin2,hang2,zhen4,long2,fa1,kui4,,,,,,zhen4
种族,好奇心,病入膏肓,,,病,,zhong3,zu2,hao4,qi2,xin1,bing4,ru4,gao1,huang1,,,,,bing4
宇宙,竭泽而渔,蝇头小利,,,蝇,,yu3,zhou4,jie2,ze2,er2,yu2,ying2,tou2,xiao3,li4,,,,ying2
海平面,答案,亡羊补牢,,,亡,,hai3,ping2,mian4,da2,an4,wang2,yang2,bu3,lao2,,,,,wang2
奴隶制,工艺品,日积月累,,,日,,nu2,li4,zhi4,gong1,yi4,pin3,ri4,ji1,yue4,lei3,,,,ri4
党中央,随波逐流,按部就班,,,按,,dang3,zhong1,yang1,sui2,bo1,zhu2,liu2,an4,bu4,jiu4,ban1,,,an4
蛛丝马迹,走廊,纸上谈兵,,,纸,,zhu1,si1,ma3,ji4,zou3,lang2,zhi3,shang4,tan2,bing1,,,,zhi3
言简意赅,同位素,固步自封,,,固,,yan2,jian3,yi4,gai1,tong2,wei4,su4,gu4,bu4,zi4,feng1,,,gu4
开诚布公,引经据典,含辛茹苦,,,含,,kai1,cheng2,bu4,gong1,yin3,jing1,ju4,dian3,han2,xin1,ru2,ku3,,han2
榜样,生活,开诚布公,,,开,,bang3,yang4,sheng1,huo2,kai1,cheng2,bu4,gong1,,,,,,kai1
规则,暴风雨,身先士卒,,,身,,gui1,ze2,bao4,feng1,yu3,shen1,xian1,shi4,zu2,,,,,shen1
灵魂,釜底抽薪,蛛丝马迹,,,蛛,,ling2,hun2,fu3,di3,chou1,xin1,zhu1,si1,ma3,ji4,,,,zhu1
普通话,名称,倾家荡产,,,倾,,pu3,tong1,hua4,ming2,cheng1,qing1,jia1,dang4,chan3,,,,,qing1
电冰箱,录音机,煞有介事,,,煞,,dian4,bing1,xiang1,lu4,yin1,ji1,sha4,you3,jie4,shi4,,,,sha4
葡萄糖,如虎添翼,张冠李戴,,,张,,pu2,tao2,tang2,ru2,hu3,tian1,yi4,zhang1,guan1,li3,dai4,,,zhang1
化险为夷,条款,滥竽充数,,,滥,,hua4,xian3,wei2,yi2,tiao2,kuan3,lan4,yu2,chong1,shu4,,,,lan4
煞有介事,图书馆,力挽狂澜,,,力,,sha4,you3,jie4,shi4,tu2,shu1,guan3,li4,wan3,kuang2,lan2,,,li4
如虎添翼,通宵达旦,风驰电掣,,,风,,ru2,hu3,tian1,yi4,tong1,xiao1,da2,dan4,feng1,chi2,dian4,che4,,feng1
答案,节目,身先士卒,,,先,,da2,an4,jie2,mu4,shen1,xian1,shi4,zu2,,,,,,xian1
婚礼,会议室,竭泽而渔,,,泽,,hun1,li3,hui4,yi4,shi4,jie2,ze2,er2,yu2,,,,,ze2
香烟,聚精会神,海市蜃楼,,,市,,xiang1,yan1,ju4,jing1,hui4,shen2,hai3,shi4,shen4,lou2,,,,shi4
反动派,童话,花团锦簇,,,团,,fan3,dong4,pai4,tong2,hua4,hua1,tuan2,jin3,cu4,,,,,tuan2
笔记本,方程式,乍暖还寒,,,暖,,bi3,ji4,ben3,fang1,cheng2,shi4,zha4,nuan3,huan2,han2,,,,nuan3
冷空气,模棱两可,逍遥法外,,,遥,,leng3,kong1,qi4,mo2,leng2,liang3,ke3,xiao1,yao2,fa3,wai4,,,yao2
运筹帷幄,技巧,垂涎欲滴,,,涎,,yun4,chou2,wei2,wo4,ji4,qiao3,chui2,xian2,yu4,di1,,,,xian2
竭泽而渔,催化剂,朝气蓬勃,,,气,,jie2,ze2,er2,yu2,cui1,hua4,ji4,zhao1,qi4,peng2,bo2,,,qi4
釜底抽薪,照本宣科,运筹帷幄,,,筹,,fu3,di3,chou1,xin1,zhao4,ben3,xuan1,ke1,yun4,chou2,wei2,wo4,,chou2
宣言,形状,恼羞成怒,,,羞,,xuan1,yan2,xing2,zhuang4,nao3,xiu1,cheng2,nu4,,,,,,xiu1
偏见,创造力,张冠李戴,,,冠,,pian1,jian4,chuang4,zao4,li4,zhang1,guan1,li3,dai4,,,,,guan1
村庄,举世瞩目,雪中送炭,,,中,,cun1,zhuang1,ju3,shi4,zhu3,mu4,xue3,zhong1,song4,tan4,,,,zhong1
国务院,肥料,热泪盈眶,,,泪,,guo2,wu4,yuan4,fei2,liao4,re4,lei4,ying2,kuang4,,,,,lei4
交响乐,呼吸道,照本宣科,,,本,,jiao1,xiang3,yue4,hu1,xi1,dao4,zhao4,ben3,xuan1,ke1,,,,ben3
手榴弹,含辛茹苦,开诚布公,,,诚,,shou3,liu2,dan4,han2,xin1,ru2,ku3,kai1,cheng2,bu4,gong1,,,cheng2
风驰电掣,面包,按部就班,,,部,,feng1,chi2,dian4,che4,mian4,bao1,an4,bu4,jiu4,ban1,,,,bu4
责无旁贷,出版社,亡羊补牢,,,羊,,ze2,wu2,pang2,dai4,chu1,ban3,she4,wang2,yang2,bu3,lao2,,,yang2
刻不容缓,如虎添翼,蛛丝马迹,,,丝,,ke4,bu4,rong2,huan3,ru2,hu3,tian1,yi4,zhu1,si1,ma3,ji4,,si1
商店,流派,病入膏肓,,,入,,shang1,dian4,liu2,pai4,bing4,ru4,gao1,huang1,,,,,,ru4
常识,普通话,各抒己见,,,抒,,chang2,shi2,pu3,tong1,hua4,ge4,shu1,ji3,jian4,,,,,shu1
伦理,浅尝辄止,大快朵颐,,,快,,lun2,li3,qian3,chang2,zhe2,zhi3,da4,kuai4,duo3,yi2,,,,kuai4
主人翁,城市,日积月累,,,积,,zhu3,ren2,weng1,cheng2,shi4,ri4,ji1,yue4,lei3,,,,,ji1
会议室,蒸馏水,平分秋色,,,分,,hui4,yi4,shi4,zheng1,liu2,shui3,ping2,fen1,qiu1,se4,,,,fen1
幼儿园,隔靴搔痒,心血来潮,,,血,,you4,er2,yuan2,ge2,xue1,sao1,yang3,xin1,xue4,lai2,chao2,,,xue4
细枝末节,性别,西装革履,,,装,,xi4,zhi1,mo4,jie2,xing4,bie2,xi1,zhuang1,ge2,lv3,,,,zhuang1
如虎添翼,西红柿,责无旁贷,,,无,,ru2,hu3,tian1,yi4,xi1,hong2,shi4,ze2,wu2,pang2,dai4,,,wu2
千载难逢,昭然若揭,稍纵即逝,,,纵,,qian1,zai3,nan2,feng2,zhao1,ran2,ruo4,jie1,shao1,zong4,ji2,shi4,,zong4
灰尘,珍珠,各抒己见,,,见,,hui1,chen2,zhen1,zhu1,ge4,shu1,ji3,jian4,,,,,,jian4
蔬菜,代表团,韬光养晦,,,晦,,shu1,cai4,dai4,biao3,tuan2,tao1,guang1,yang3,hui4,,,,,hui4
网络,望尘莫及,病入膏肓,,,肓,,wang3,luo4,wang4,chen2,mo4,ji2,bing4,ru4,gao1,huang1,,,,huang1
价值观,祖先,朝气蓬勃,,,勃,,jia4,zhi2,guan1,zu3,xian1,zhao1,qi4,peng2,bo2,,,,,bo2
同位素,灵敏度,扑朔迷离,,,离,,tong2,wei4,su4,ling2,min3,du4,pu1,shuo4,mi2,li2,,,,li2
婚姻法,妙语连珠,按部就班,,,班,,hun1,yin1,fa3,miao4,yu3,lian2,zhu1,an4,bu4,jiu4,ban1,,,ban1
心血来潮,散文,通宵达旦,,,旦,,xin1,xue4,lai2,chao2,san3,wen2,tong1,xiao1,da2,dan4,,,,dan4
身先士卒,介绍信,蛛丝马迹,,,迹,,shen1,xian1,shi4,zu2,jie4,shao4,xin4,zhu1,si1,ma3,ji4,,,ji4
通宵达旦,掩耳盗铃,运筹帷幄,,,幄,,tong1,xiao1,da2,dan4,yan3,er3,dao4,ling2,yun4,chou2,wei2,wo4,,wo4
走廊,村庄,热泪盈眶,,,眶,,zou3,lang2,cun1,zhuang1,re4,lei4,ying2,kuang4,,,,,,kuang4
童话,太阳能,浅尝辄止,,,止,,tong2,hua4,tai4,yang2,neng2,qian3,chang2,zhe2,zhi3,,,,,zhi3
雕塑,人赃俱获,吞云吐雾,,,雾,,diao1,su4,ren2,zang1,ju4,huo4,tun1,yun2,tu3,wu4,,,,wu4
猫头鹰,羽毛,隔靴搔痒,,,痒,,mao1,tou2,ying1,yu3,mao2,ge2,xue1,sao1,yang3,,,,,yang3
男子汉,检察官,模棱两可,,,可,,nan2,zi3,han4,jian3,cha2,guan1,mo2,leng2,liang3,ke3,,,,ke3
党中央,细枝末节,千载难逢,,,逢,,dang3,zhong1,yang1,xi4,zhi1,mo4,jie2,qian1,zai3,nan2,feng2,,,feng2
张冠李戴,网络,倾家荡产,,,产,,zhang1,guan1,li3,dai4,wang3,luo4,qing1,jia1,dang4,chan3,,,,chan3
随波逐流,消费者,西装革履,,,履,,sui2,bo1,zhu2,liu2,xiao1,fei4,zhe3,xi1,zhuang1,ge2,lv3,,,lv3
韬光养晦,因材施教,灰飞烟灭,,,灭,,tao1,guang1,yang3,hui4,yin1,cai2,shi1,jiao4,hui1,fei1,yan1,mie4,,mie4